Time,Altitude,Velocity,Acceleration,Mass,Fuel_Ratio
0,100,0,0,5000,1
0.11,100.061,1.13246,10.3293,4981.31,0.993771
0.2,100.204,2.06518,10.3912,4966.02,0.988674
0.3,100.462,3.1081,10.4603,4949.03,0.983011
0.4,100.824,4.15796,10.5299,4932.04,0.977347
0.5,101.292,5.21479,10.5998,4915.05,0.971684
0.6,101.866,6.27864,10.6701,4898.06,0.966021
0.7,102.546,7.34954,10.7408,4881.07,0.960358
0.8,103.334,8.42753,10.8119,4864.08,0.954695
0.9,104.23,9.51266,10.8834,4847.09,0.949032
1,105.235,10.605,10.9553,4830.11,0.943368
1.1,106.35,11.7045,11.0276,4813.12,0.937705
1.2,107.574,12.8112,11.1003,4796.13,0.932042
1.3,108.91,13.9253,11.1734,4779.14,0.926379
1.4,110.358,15.0467,11.2469,4762.15,0.920716
1.5,111.918,16.1755,11.3208,4745.16,0.915053
1.6,113.591,17.3116,11.3951,4728.17,0.90939
1.7,115.379,18.4553,11.4698,4711.18,0.903726
1.8,117.281,19.6064,11.5449,4694.19,0.898063
1.9,119.298,20.765,11.6204,4677.2,0.8924
2,121.432,21.9313,11.6963,4660.21,0.886737
2.11,123.914,23.2229,11.7803,4641.52,0.880507
2.21,126.295,24.4052,11.8571,4624.53,0.874844
2.31,128.794,25.5952,11.9343,4607.54,0.869181
2.41,131.412,26.7929,12.0119,4590.55,0.863518
2.51,134.151,27.9984,12.0899,4573.56,0.857855
2.61,137.01,29.2117,12.1683,4556.57,0.852192
2.71,139.991,30.4329,12.2472,4539.59,0.846528
2.81,143.095,31.662,12.3264,4522.6,0.840865
2.91,146.322,32.8991,12.4061,4505.61,0.835202
3.01,149.673,34.1441,12.4862,4488.62,0.829539
3.11,153.149,35.3972,12.5667,4471.63,0.823876
3.21,156.75,36.6584,12.6476,4454.64,0.818213
3.31,160.479,37.9276,12.729,4437.65,0.81255
3.41,164.334,39.2051,12.8107,4420.66,0.806886
3.51,168.318,40.4907,12.8929,4403.67,0.801223
3.61,172.43,41.7846,12.9755,4386.68,0.79556
3.71,176.673,43.0867,13.0585,4369.69,0.789897
3.81,181.046,44.3972,13.142,4352.7,0.784234
3.91,185.55,45.7161,13.2258,4335.71,0.778571
4.01,190.187,47.0434,13.3101,4318.72,0.772907
4.11,194.957,48.3791,13.3948,4301.73,0.767244
4.21,199.861,49.7233,13.48,4284.74,0.761581
4.31,204.9,51.0761,13.5656,4267.75,0.755918
4.41,210.074,52.4374,13.6515,4250.76,0.750255
4.51,215.385,53.8074,13.738,4233.78,0.744592
4.61,220.834,55.186,13.8248,4216.79,0.738929
4.71,226.42,56.5733,13.9121,4199.8,0.733265
4.81,232.146,57.9694,13.9998,4182.81,0.727602
4.91,238.012,59.3743,14.0879,4165.82,0.721939
5.01,244.019,60.7881,14.1765,4148.83,0.716276
5.11,250.168,62.2107,14.2655,4131.84,0.710613
5.21,256.459,63.6422,14.3549,4114.85,0.70495
5.31,262.894,65.0827,14.4447,4097.86,0.699286
5.41,269.474,66.5323,14.535,4080.87,0.693623
5.51,276.199,67.9908,14.6258,4063.88,0.68796
5.61,283.07,69.4585,14.7169,4046.89,0.682297
5.71,290.088,70.9353,14.8085,4029.9,0.676634
5.81,297.255,72.4213,14.9005,4012.91,0.670971
5.91,304.57,73.9166,14.993,3995.92,0.665308
6.01,312.036,75.4211,15.0858,3978.93,0.659644
6.11,319.652,76.9349,15.1792,3961.94,0.653981
6.21,327.421,78.4581,15.2729,3944.95,0.648318
6.31,335.342,79.9906,15.3671,3927.96,0.642655
6.41,343.416,81.5327,15.4617,3910.98,0.636992
6.51,351.646,83.0842,15.5568,3893.99,0.631329
6.61,360.031,84.6452,15.6523,3877,0.625665
6.71,368.573,86.2159,15.7483,3860.01,0.620002
6.81,377.272,87.7961,15.8447,3843.02,0.614339
6.91,386.13,89.386,15.9415,3826.03,0.608676
7.01,395.147,90.9857,16.0388,3809.04,0.603013
7.11,404.324,92.595,16.1365,3792.05,0.59735
7.21,413.663,94.2142,16.2346,3775.06,0.591686
7.31,423.165,95.8432,16.3332,3758.07,0.586023
7.41,432.83,97.4822,16.4323,3741.08,0.58036
7.51,442.659,99.131,16.5317,3724.09,0.574697
7.61,452.653,100.79,16.6317,3707.1,0.569034
7.71,462.814,102.459,16.7321,3690.11,0.563371
7.81,473.143,104.138,16.8329,3673.12,0.557708
7.91,483.639,105.827,16.9342,3656.13,0.552044
8.01,494.305,107.526,17.0359,3639.14,0.546381
8.11,505.142,109.235,17.1381,3622.15,0.540718
8.21,516.15,110.955,17.2407,3605.16,0.535055
8.31,527.33,112.685,17.3438,3588.18,0.529392
8.41,538.684,114.425,17.4473,3571.19,0.523729
8.51,550.213,116.176,17.5513,3554.2,0.518065
8.61,561.917,117.937,17.6557,3537.21,0.512402
8.71,573.798,119.708,17.7607,3520.22,0.506739
8.81,585.856,121.49,17.866,3503.23,0.501076
8.91,598.093,123.283,17.9719,3486.24,0.495413
9.01,610.51,125.086,18.0781,3469.25,0.48975
9.11,623.108,126.9,18.1849,3452.26,0.484087
9.21,635.887,128.725,18.2921,3435.27,0.478423
9.31,648.85,130.56,18.3998,3418.28,0.47276
9.41,661.997,132.406,18.508,3401.29,0.467097
9.51,675.328,134.263,18.6166,3384.3,0.461434
9.61,688.846,136.131,18.7257,3367.31,0.455771
9.71,702.552,138.01,18.8353,3350.32,0.450108
9.81,716.446,139.9,18.9454,3333.33,0.444444
9.91,730.529,141.801,19.056,3316.34,0.438781
10.01,744.803,143.713,19.167,3299.35,0.433118
10.11,759.269,145.636,19.2785,3282.36,0.427455
10.21,773.927,147.57,19.3905,3265.38,0.421792
10.31,788.78,149.516,19.5031,3248.39,0.416129
10.41,803.828,151.472,19.6161,3231.4,0.410466
10.51,819.071,153.44,19.7296,3214.41,0.404802
10.61,834.513,155.42,19.8436,3197.42,0.399139
10.71,850.153,157.411,19.9582,3180.43,0.393476
10.81,865.992,159.413,20.0732,3163.44,0.387813
10.91,882.032,161.427,20.1888,3146.45,0.38215
11.01,898.274,163.453,20.3048,3129.46,0.376487
11.11,914.72,165.49,20.4215,3112.47,0.370823
11.21,931.37,167.539,20.5386,3095.48,0.36516
11.31,948.225,169.6,20.6563,3078.49,0.359497
11.41,965.286,171.672,20.7745,3061.5,0.353834
11.51,982.556,173.757,20.8933,3044.51,0.348171
11.61,1000.03,175.853,21.0126,3027.52,0.342508
11.71,1017.72,177.961,21.1325,3010.53,0.336844
11.81,1035.62,180.081,21.2529,2993.54,0.331181
11.91,1053.74,182.214,21.3739,2976.55,0.325518
12.01,1072.06,184.358,21.4955,2959.57,0.319855
12.11,1090.61,186.515,21.6177,2942.58,0.314192
12.21,1109.36,188.684,21.7404,2925.59,0.308529
12.31,1128.34,190.865,21.8638,2908.6,0.302866
12.41,1147.53,193.059,21.9878,2891.61,0.297202
12.51,1166.95,195.265,22.1124,2874.62,0.291539
12.61,1186.58,197.483,22.2376,2857.63,0.285876
12.71,1206.44,199.714,22.3634,2840.64,0.280213
12.81,1226.52,201.958,22.4899,2823.65,0.27455
12.91,1246.83,204.215,22.6171,2806.66,0.268887
13.01,1267.36,206.484,22.7449,2789.67,0.263223
13.11,1288.12,208.766,22.8733,2772.68,0.25756
13.21,1309.11,211.061,23.0025,2755.69,0.251897
13.31,1330.33,213.369,23.1324,2738.7,0.246234
13.41,1351.78,215.689,23.2629,2721.71,0.240571
13.51,1373.47,218.023,23.3942,2704.72,0.234908
13.61,1395.38,220.371,23.5262,2687.73,0.229245
13.71,1417.54,222.731,23.659,2670.74,0.223581
13.81,1439.93,225.105,23.7925,2653.75,0.217918
13.91,1462.55,227.492,23.9267,2636.77,0.212255
14.01,1485.42,229.893,24.0618,2619.78,0.206592
14.11,1508.53,232.307,24.1977,2602.79,0.200929
14.21,1531.88,234.735,24.3343,2585.8,0.195266
14.31,1555.47,237.176,24.4719,2568.81,0.189602
14.41,1579.31,239.632,24.6102,2551.82,0.183939
14.51,1603.39,242.101,24.7494,2534.83,0.178276
14.61,1627.73,244.584,24.8896,2517.84,0.172613
14.71,1652.31,247.082,25.0306,2500.85,0.16695
14.81,1677.14,249.593,25.1725,2483.86,0.161287
14.91,1702.22,252.119,25.3154,2466.87,0.155624
15.01,1727.56,254.659,25.4592,2449.88,0.14996
15.11,1753.15,257.214,25.604,2432.89,0.144297
15.21,1779,259.783,25.7499,2415.9,0.138634
15.31,1805.1,262.366,25.8967,2398.91,0.132971
15.41,1831.47,264.965,26.0446,2381.92,0.127308
15.51,1858.09,267.576,26.1033,2364.93,0.121645
15.61,1884.98,270.185,26.0278,2347.94,0.115981
15.71,1912.12,272.785,25.9451,2330.95,0.110318
15.81,1939.53,275.376,25.8554,2313.97,0.104655
15.91,1967.2,277.959,25.7585,2296.98,0.098992
16.01,1995.12,280.531,25.6547,2279.99,0.0933288
16.11,2023.3,283.092,25.5439,2263,0.0876656
16.21,2051.73,285.642,25.4263,2246.01,0.0820025
16.31,2080.42,288.18,25.3019,2229.02,0.0763393
16.41,2109.36,290.706,25.1709,2212.03,0.0706762
16.51,2138.56,293.217,25.0334,2195.04,0.065013
16.61,2168,295.715,24.8896,2178.05,0.0593499
16.71,2197.7,298.198,24.7396,2161.06,0.0536867
16.81,2227.64,300.666,24.5835,2144.07,0.0480236
16.91,2257.82,303.118,24.4216,2127.08,0.0423604
17.01,2288.26,305.553,24.2541,2110.09,0.0366972
17.11,2318.93,307.972,24.0811,2093.1,0.0310341
17.21,2349.85,310.373,23.9028,2076.11,0.0253709
17.31,2381,312.755,23.7195,2059.12,0.0197078
17.41,2412.39,315.119,23.5315,2042.13,0.0140446
17.51,2444.02,317.465,23.3389,2025.14,0.00838147
17.61,2475.88,319.79,23.1419,2008.15,0.00271831
17.71,2507.91,319.396,30.7786,2000,0
17.81,2539.7,316.361,29.9322,2000,0
17.91,2571.19,313.408,29.1308,2000,0
18,2599.28,310.817,28.4452,2000,0
18.1,2630.22,308.009,27.7204,2000,0
18.2,2660.89,305.272,27.032,2000,0
18.3,2691.28,302.602,26.3776,2000,0
18.4,2721.42,299.995,25.7548,2000,0
18.5,2751.29,297.45,25.1616,2000,0
18.6,2780.91,294.962,24.5962,2000,0
18.7,2810.29,292.53,24.0568,2000,0
18.8,2839.42,290.15,23.5418,2000,0
18.9,2868.32,287.821,23.0497,2000,0
19,2896.99,285.539,22.5792,2000,0
19.1,2925.44,283.304,22.129,2000,0
19.2,2953.66,281.113,21.6979,2000,0
19.3,2981.66,278.964,21.2849,2000,0
19.4,3009.46,276.855,20.889,2000,0
19.5,3037.04,274.785,20.5092,2000,0
19.6,3064.42,272.753,20.1447,2000,0
19.7,3091.59,270.756,19.7946,2000,0
19.8,3118.57,268.794,19.4582,2000,0
19.9,3145.36,266.864,19.1348,2000,0
20,3171.95,264.966,18.8237,2000,0
20.1,3198.36,263.099,18.5244,2000,0
20.2,3224.57,261.259,18.3048,2000,0
20.3,3250.61,259.436,18.1572,2000,0
20.4,3276.47,257.628,18.0125,2000,0
20.5,3302.14,255.834,17.8705,2000,0
20.6,3327.64,254.053,17.7313,2000,0
20.7,3352.95,252.287,17.5948,2000,0
20.8,3378.1,250.534,17.4609,2000,0
20.9,3403.06,248.795,17.3295,2000,0
21,3427.86,247.068,17.2006,2000,0
21.1,3452.48,245.355,17.0741,2000,0
21.2,3476.93,243.654,16.95,2000,0
21.3,3501.21,241.965,16.8282,2000,0
21.4,3525.33,240.288,16.7087,2000,0
21.5,3549.28,238.623,16.5914,2000,0
21.6,3573.06,236.969,16.4762,2000,0
21.7,3596.67,235.328,16.3631,2000,0
21.8,3620.13,233.697,16.252,2000,0
21.9,3643.42,232.077,16.143,2000,0
22,3666.54,230.468,16.0359,2000,0
22.1,3689.51,228.87,15.9307,2000,0
22.2,3712.32,227.282,15.8274,2000,0
22.3,3734.97,225.704,15.7259,2000,0
22.4,3757.46,224.137,15.6262,2000,0
22.5,3779.8,222.579,15.5283,2000,0
22.6,3801.98,221.031,15.4321,2000,0
22.7,3824.01,219.492,15.3375,2000,0
22.8,3845.88,217.963,15.2446,2000,0
22.9,3867.61,216.444,15.1532,2000,0
23,3889.18,214.933,15.0635,2000,0
23.1,3910.6,213.431,14.9752,2000,0
23.2,3931.86,211.938,14.8885,2000,0
23.3,3952.99,210.453,14.8032,2000,0
23.4,3973.96,208.977,14.7194,2000,0
23.5,3994.78,207.509,14.6369,2000,0
23.6,4015.46,206.049,14.5559,2000,0
23.7,4036,204.598,14.4762,2000,0
23.8,4056.38,203.154,14.3978,2000,0
23.9,4076.63,201.718,14.3207,2000,0
24,4096.73,200.29,14.2449,2000,0
24.1,4116.69,198.869,14.1703,2000,0
24.2,4136.51,197.456,14.097,2000,0
24.3,4156.18,196.05,14.0248,2000,0
24.4,4175.72,194.651,13.9538,2000,0
24.5,4195.12,193.259,13.884,2000,0
24.6,4214.37,191.874,13.8152,2000,0
24.7,4233.49,190.496,13.7476,2000,0
24.8,4252.48,189.125,13.6811,2000,0
24.9,4271.32,187.76,13.6156,2000,0
25,4290.03,186.401,13.5511,2000,0
25.1,4308.6,185.049,13.4877,2000,0
25.2,4327.04,183.704,13.4253,2000,0
25.3,4345.35,182.364,13.3638,2000,0
25.4,4363.52,181.031,13.3034,2000,0
25.5,4381.56,179.704,13.2438,2000,0
25.6,4399.46,178.382,13.1852,2000,0
25.7,4417.24,177.067,13.1275,2000,0
25.8,4434.88,175.757,13.0707,2000,0
25.9,4452.39,174.452,13.0148,2000,0
26,4469.77,173.154,12.9597,2000,0
26.1,4487.02,171.86,12.9055,2000,0
26.2,4504.14,170.573,12.8521,2000,0
26.3,4521.14,169.29,12.7996,2000,0
26.4,4538,168.013,12.7478,2000,0
26.5,4554.74,166.74,12.6968,2000,0
26.6,4571.36,165.473,12.6466,2000,0
26.7,4587.84,164.211,12.5971,2000,0
26.8,4604.2,162.954,12.5484,2000,0
26.9,4620.43,161.701,12.5005,2000,0
27,4636.54,160.454,12.4532,2000,0
27.1,4652.53,159.211,12.4067,2000,0
27.2,4668.39,157.972,12.3609,2000,0
27.3,4684.12,156.738,12.3157,2000,0
27.4,4699.74,155.509,12.2712,2000,0
27.5,4715.23,154.284,12.2274,2000,0
27.6,4730.6,153.064,12.1843,2000,0
27.7,4745.84,151.847,12.1417,2000,0
27.8,4760.97,150.635,12.0999,2000,0
27.9,4775.97,149.427,12.0586,2000,0
28,4790.85,148.224,12.0179,2000,0
28.1,4805.62,147.024,11.9779,2000,0
28.2,4820.26,145.828,11.9384,2000,0
28.3,4834.79,144.636,11.8995,2000,0
28.4,4849.19,143.448,11.8612,2000,0
28.5,4863.48,142.264,11.8234,2000,0
28.6,4877.65,141.083,11.7862,2000,0
28.7,4891.7,139.907,11.7496,2000,0
28.8,4905.63,138.733,11.7135,2000,0
28.9,4919.44,137.564,11.6779,2000,0
29,4933.14,136.398,11.6428,2000,0
29.1,4946.73,135.235,11.6083,2000,0
29.2,4960.19,134.076,11.5742,2000,0
29.3,4973.54,132.92,11.5407,2000,0
29.4,4986.78,131.768,11.5076,2000,0
29.5,4999.9,130.619,11.475,2000,0
29.6,5012.9,129.473,11.4429,2000,0
29.7,5025.8,128.33,11.4113,2000,0
29.8,5038.57,127.191,11.3801,2000,0
29.9,5051.24,126.054,11.3494,2000,0
30,5063.79,124.921,11.3191,2000,0
30.1,5076.22,123.79,11.2893,2000,0
30.2,5088.55,122.663,11.2599,2000,0
30.3,5100.76,121.538,11.2309,2000,0
30.4,5112.86,120.417,11.2024,2000,0
30.5,5124.84,119.298,11.1743,2000,0
30.6,5136.72,118.182,11.1466,2000,0
30.7,5148.48,117.069,11.1193,2000,0
30.8,5160.13,115.958,11.0924,2000,0
30.9,5171.67,114.85,11.0659,2000,0
31,5183.1,113.745,11.0398,2000,0
31.1,5194.42,112.642,11.014,2000,0
31.2,5205.63,111.542,10.9887,2000,0
31.3,5216.74,110.444,10.9637,2000,0
31.4,5227.73,109.349,10.9391,2000,0
31.5,5238.61,108.256,10.9149,2000,0
31.6,5249.38,107.166,10.891,2000,0
31.7,5260.04,106.078,10.8674,2000,0
31.8,5270.6,104.993,10.8443,2000,0
31.9,5281.04,103.909,10.8214,2000,0
32,5291.38,102.828,10.7989,2000,0
32.1,5301.61,101.75,10.7768,2000,0
32.2,5311.73,100.673,10.755,2000,0
32.3,5321.75,99.5986,10.7335,2000,0
32.4,5331.65,98.5263,10.7123,2000,0
32.5,5341.45,97.4561,10.6915,2000,0
32.6,5351.15,96.388,10.671,2000,0
32.7,5360.73,95.3219,10.6508,2000,0
32.8,5370.21,94.2579,10.6309,2000,0
32.9,5379.59,93.1958,10.6113,2000,0
33,5388.85,92.1356,10.592,2000,0
33.1,5398.02,91.0773,10.573,2000,0
33.2,5407.07,90.021,10.5543,2000,0
33.3,5416.02,88.9665,10.5359,2000,0
33.4,5424.87,87.9138,10.5178,2000,0
33.5,5433.61,86.8629,10.4999,2000,0
33.6,5442.24,85.8138,10.4824,2000,0
33.7,5450.77,84.7664,10.4651,2000,0
33.8,5459.2,83.7208,10.4481,2000,0
33.9,5467.52,82.6768,10.4314,2000,0
34,5475.73,81.6345,10.415,2000,0
34.1,5483.85,80.5938,10.3988,2000,0
34.2,5491.85,79.5547,10.3829,2000,0
34.3,5499.76,78.5172,10.3672,2000,0
34.4,5507.56,77.4813,10.3518,2000,0
34.5,5515.26,76.4468,10.3367,2000,0
34.6,5522.85,75.4139,10.3218,2000,0
34.7,5530.34,74.3825,10.3072,2000,0
34.8,5537.73,73.3525,10.2928,2000,0
34.9,5545.01,72.3239,10.2787,2000,0
35,5552.19,71.2967,10.2648,2000,0
35.1,5559.27,70.2709,10.2511,2000,0
35.2,5566.25,69.2465,10.2377,2000,0
35.3,5573.12,68.2234,10.2246,2000,0
35.4,5579.9,67.2016,10.2116,2000,0
35.5,5586.57,66.1811,10.1989,2000,0
35.6,5593.13,65.1618,10.1865,2000,0
35.7,5599.6,64.1438,10.1742,2000,0
35.8,5605.97,63.1269,10.1622,2000,0
35.9,5612.23,62.1113,10.1504,2000,0
36,5618.39,61.0969,10.1388,2000,0
36.1,5624.45,60.0835,10.1275,2000,0
36.2,5630.41,59.0713,10.1164,2000,0
36.3,5636.27,58.0603,10.1055,2000,0
36.4,5642.02,57.0502,10.0948,2000,0
36.5,5647.68,56.0413,10.0843,2000,0
36.6,5653.23,55.0334,10.074,2000,0
36.7,5658.69,54.0265,10.064,2000,0
36.8,5664.04,53.0206,10.0541,2000,0
36.9,5669.29,52.0156,10.0445,2000,0
37,5674.44,51.0117,10.0351,2000,0
37.1,5679.5,50.0086,10.0259,2000,0
37.2,5684.45,49.0065,10.0168,2000,0
37.3,5689.3,48.0052,10.008,2000,0
37.4,5694.05,47.0049,9.9994,2000,0
37.5,5698.7,46.0054,9.99098,2000,0
37.6,5703.25,45.0067,9.98276,2000,0
37.7,5707.7,44.0088,9.97473,2000,0
37.8,5712.06,43.0117,9.9669,2000,0
37.9,5716.31,42.0154,9.95926,2000,0
38,5720.46,41.0199,9.95182,2000,0
38.1,5724.51,40.025,9.94457,2000,0
38.2,5728.47,39.0309,9.93751,2000,0
38.3,5732.32,38.0375,9.93064,2000,0
38.4,5736.08,37.0448,9.92395,2000,0
38.5,5739.73,36.0527,9.91746,2000,0
38.6,5743.29,35.0613,9.91115,2000,0
38.7,5746.75,34.0705,9.90502,2000,0
38.8,5750.1,33.0803,9.89908,2000,0
38.9,5753.36,32.0907,9.89333,2000,0
39,5756.52,31.1016,9.88775,2000,0
39.1,5759.59,30.1131,9.88236,2000,0
39.2,5762.55,29.1251,9.87715,2000,0
39.3,5765.41,28.1377,9.87212,2000,0
39.4,5768.18,27.1507,9.86727,2000,0
39.5,5770.84,26.1642,9.8626,2000,0
39.6,5773.41,25.1782,9.85811,2000,0
39.7,5775.88,24.1926,9.85379,2000,0
39.8,5778.25,23.2074,9.84965,2000,0
39.9,5780.52,22.2227,9.84569,2000,0
40,5782.7,21.2383,9.8419,2000,0
40.1,5784.77,20.2543,9.83829,2000,0
40.2,5786.75,19.2706,9.83485,2000,0
40.3,5788.63,18.2873,9.83159,2000,0
40.4,5790.41,17.3043,9.82849,2000,0
40.5,5792.09,16.3216,9.82558,2000,0
40.6,5793.68,15.3392,9.82283,2000,0
40.7,5795.16,14.357,9.82026,2000,0
40.8,5796.55,13.3751,9.81786,2000,0
40.9,5797.84,12.3934,9.81563,2000,0
41,5799.03,11.412,9.81357,2000,0
41.1,5800.12,10.4307,9.81168,2000,0
41.2,5801.12,9.44965,9.80996,2000,0
41.3,5802.01,8.46873,9.80841,2000,0
41.4,5802.81,7.48796,9.80703,2000,0
41.5,5803.51,6.50732,9.80583,2000,0
41.6,5804.12,5.52679,9.80479,2000,0
41.7,5804.62,4.54635,9.80392,2000,0
41.8,5805.03,3.566,9.80322,2000,0
41.9,5805.34,2.5857,9.80269,2000,0
42,5805.55,1.60545,9.80233,2000,0
42.1,5805.66,0.625232,9.80214,2000,0
42.2,5805.67,0.354979,9.80209,2000,0
42.3,5805.59,1.33518,9.80194,2000,0
42.4,5805.41,2.31536,9.80163,2000,0
42.5,5805.13,3.2955,9.80115,2000,0
42.6,5804.75,4.27559,9.8005,2000,0
42.7,5804.27,5.2556,9.79968,2000,0
42.8,5803.7,6.23552,9.79869,2000,0
42.9,5803.03,7.21533,9.79754,2000,0
43,5802.26,8.19502,9.79621,2000,0
43.11,5801.3,9.27251,9.79456,2000,0
43.21,5800.32,10.2519,9.79288,2000,0
43.31,5799.25,11.2311,9.79104,2000,0
43.41,5798.08,12.2101,9.78902,2000,0
43.51,5796.81,13.1889,9.78684,2000,0
43.61,5795.44,14.1674,9.78448,2000,0
43.71,5793.98,15.1458,9.78196,2000,0
43.81,5792.41,16.1238,9.77927,2000,0
43.91,5790.75,17.1016,9.77641,2000,0
44.01,5789,18.0791,9.77339,2000,0
44.11,5787.14,19.0563,9.77019,2000,0
44.21,5785.19,20.0331,9.76683,2000,0
44.31,5783.14,21.0097,9.76329,2000,0
44.41,5780.99,21.9858,9.75959,2000,0
44.51,5778.74,22.9616,9.75572,2000,0
44.61,5776.4,23.9369,9.75168,2000,0
44.71,5773.95,24.9119,9.74747,2000,0
44.81,5771.41,25.8864,9.74309,2000,0
44.91,5768.78,26.8605,9.73855,2000,0
45.01,5766.04,27.8341,9.73383,2000,0
45.11,5763.21,28.8073,9.72894,2000,0
45.21,5760.28,29.7799,9.72389,2000,0
45.31,5757.26,30.752,9.71867,2000,0
45.41,5754.14,31.7236,9.71327,2000,0
45.51,5750.92,32.6947,9.70771,2000,0
45.61,5747.6,33.6652,9.70198,2000,0
45.71,5744.18,34.6351,9.69608,2000,0
45.81,5740.67,35.6044,9.69001,2000,0
45.91,5737.07,36.5731,9.68377,2000,0
46.01,5733.36,37.5411,9.67736,2000,0
46.11,5729.56,38.5085,9.67078,2000,0
46.21,5725.66,39.4753,9.66403,2000,0
46.31,5721.67,40.4413,9.65711,2000,0
46.41,5717.57,41.4067,9.65002,2000,0
46.51,5713.39,42.3713,9.64276,2000,0
46.61,5709.1,43.3352,9.63533,2000,0
46.71,5704.72,44.2984,9.62774,2000,0
46.81,5700.24,45.2608,9.61997,2000,0
46.91,5695.67,46.2224,9.61203,2000,0
47.01,5691,47.1832,9.60392,2000,0
47.11,5686.23,48.1432,9.59564,2000,0
47.21,5681.37,49.1023,9.58719,2000,0
47.31,5676.42,50.0606,9.57857,2000,0
47.41,5671.36,51.018,9.56978,2000,0
47.51,5666.21,51.9746,9.56082,2000,0
47.61,5660.97,52.9302,9.55169,2000,0
47.71,5655.63,53.8849,9.54238,2000,0
47.81,5650.19,54.8386,9.53291,2000,0
47.91,5644.66,55.7915,9.52327,2000,0
48.01,5639.04,56.7433,9.51345,2000,0
48.11,5633.32,57.6941,9.50347,2000,0
48.21,5627.5,58.644,9.49331,2000,0
48.31,5621.59,59.5928,9.48298,2000,0
48.41,5615.58,60.5406,9.47248,2000,0
48.51,5609.48,61.4873,9.46181,2000,0
48.61,5603.29,62.4329,9.45097,2000,0
48.71,5597,63.3775,9.43996,2000,0
48.81,5590.61,64.3209,9.42878,2000,0
48.91,5584.13,65.2632,9.41742,2000,0
49.01,5577.56,66.2044,9.40589,2000,0
49.11,5570.9,67.1444,9.39419,2000,0
49.21,5564.13,68.0832,9.38232,2000,0
49.31,5557.28,69.0209,9.37028,2000,0
49.41,5550.33,69.9573,9.35807,2000,0
49.51,5543.29,70.8925,9.34568,2000,0
49.61,5536.16,71.8264,9.33313,2000,0
49.71,5528.93,72.7591,9.3204,2000,0
49.81,5521.61,73.6905,9.3075,2000,0
49.91,5514.19,74.6206,9.29442,2000,0
50.01,5506.68,75.5494,9.28118,2000,0
50.11,5499.08,76.4768,9.26776,2000,0
50.21,5491.39,77.4029,9.25417,2000,0
50.31,5483.6,78.3276,9.24041,2000,0
50.41,5475.73,79.251,9.22648,2000,0
50.51,5467.75,80.1729,9.21237,2000,0
50.61,5459.69,81.0935,9.19809,2000,0
50.71,5451.54,82.0125,9.18364,2000,0
50.81,5443.29,82.9302,9.16902,2000,0
50.91,5434.95,83.8463,9.15423,2000,0
51.01,5426.52,84.761,9.13926,2000,0
51.11,5418,85.6742,9.12412,2000,0
51.21,5409.39,86.5858,9.10881,2000,0
51.31,5400.69,87.4959,9.09332,2000,0
51.41,5391.89,88.4045,9.07766,2000,0
51.51,5383.01,89.3115,9.06183,2000,0
51.61,5374.03,90.2169,9.04583,2000,0
51.71,5364.97,91.1206,9.02966,2000,0
51.81,5355.81,92.0228,9.01331,2000,0
51.91,5346.56,92.9233,8.99679,2000,0
52.01,5337.23,93.8221,8.9801,2000,0
52.11,5327.8,94.7193,8.96324,2000,0
52.21,5318.28,95.6148,8.9462,2000,0
52.31,5308.68,96.5085,8.92899,2000,0
52.41,5298.98,97.4006,8.91161,2000,0
52.51,5289.2,98.2909,8.89405,2000,0
52.61,5279.33,99.1794,8.87633,2000,0
52.71,5269.37,100.066,8.85843,2000,0
52.81,5259.32,100.951,8.84036,2000,0
52.91,5249.18,101.834,8.82212,2000,0
53.01,5238.95,102.715,8.8037,2000,0
53.11,5228.64,103.595,8.78511,2000,0
53.21,5218.23,104.472,8.76636,2000,0
53.31,5207.74,105.348,8.74742,2000,0
53.41,5197.16,106.222,8.72832,2000,0
53.51,5186.5,107.094,8.70905,2000,0
53.61,5175.75,107.964,8.6896,2000,0
53.71,5164.91,108.832,8.66998,2000,0
53.81,5153.98,109.698,8.65019,2000,0
53.91,5142.97,110.562,8.63023,2000,0
54.01,5131.87,111.424,8.6101,2000,0
54.11,5120.69,112.284,8.5898,2000,0
54.21,5109.42,113.142,8.56932,2000,0
54.31,5098.06,113.998,8.54868,2000,0
54.41,5086.62,114.851,8.52786,2000,0
54.51,5075.09,115.703,8.50688,2000,0
54.61,5063.48,116.553,8.48572,2000,0
54.71,5051.78,117.4,8.46439,2000,0
54.81,5040,118.246,8.4429,2000,0
54.91,5028.13,119.089,8.42123,2000,0
55.01,5016.18,119.93,8.39939,2000,0
55.11,5004.15,120.769,8.37738,2000,0
55.21,4992.03,121.605,8.35521,2000,0
55.31,4979.83,122.44,8.33286,2000,0
55.41,4967.55,123.272,8.31035,2000,0
55.51,4955.18,124.102,8.28766,2000,0
55.61,4942.73,124.93,8.26481,2000,0
55.71,4930.19,125.755,8.24179,2000,0
55.81,4917.58,126.578,8.2186,2000,0
55.91,4904.88,127.399,8.19524,2000,0
56.01,4892.1,128.217,8.17172,2000,0
56.11,4879.24,129.033,8.14803,2000,0
56.21,4866.29,129.847,8.12417,2000,0
56.31,4853.27,130.658,8.10014,2000,0
56.41,4840.16,131.467,8.07595,2000,0
56.51,4826.98,132.273,8.05159,2000,0
56.61,4813.71,133.077,8.02707,2000,0
56.71,4800.36,133.878,8.00238,2000,0
56.81,4786.94,134.677,7.97753,2000,0
56.91,4773.43,135.474,7.95251,2000,0
57.01,4759.84,136.268,7.92732,2000,0
57.11,4746.18,137.059,7.90197,2000,0
57.21,4732.43,137.848,7.87646,2000,0
57.31,4718.61,138.635,7.85078,2000,0
57.41,4704.71,139.418,7.82495,2000,0
57.51,4690.73,140.2,7.79894,2000,0
57.61,4676.67,140.978,7.77278,2000,0
57.71,4662.53,141.754,7.74646,2000,0
57.81,4648.32,142.527,7.71997,2000,0
57.91,4634.03,143.298,7.69332,2000,0
58.01,4619.66,144.066,7.66651,2000,0
58.11,4605.22,144.831,7.63954,2000,0
58.21,4590.7,145.594,7.61242,2000,0
58.31,4576.1,146.354,7.58513,2000,0
58.41,4561.43,147.111,7.55769,2000,0
58.51,4546.68,147.865,7.53008,2000,0
58.61,4531.85,148.617,7.50232,2000,0
58.71,4516.96,149.366,7.4744,2000,0
58.81,4501.98,150.112,7.44633,2000,0
58.91,4486.93,150.855,7.4181,2000,0
59.01,4471.81,151.596,7.38971,2000,0
59.11,4456.62,152.333,7.36117,2000,0
59.21,4441.35,153.068,7.33248,2000,0
59.31,4426,153.8,7.30363,2000,0
59.41,4410.59,154.528,7.27463,2000,0
59.51,4395.1,155.254,7.24548,2000,0
59.61,4379.54,155.978,7.21618,2000,0
59.71,4363.91,156.698,7.18672,2000,0
59.81,4348.2,157.415,7.15712,2000,0
59.91,4332.42,158.129,7.12736,2000,0
60.01,4316.58,158.84,7.09746,2000,0
60.11,4300.66,159.549,7.06741,2000,0
60.21,4284.67,160.254,7.03721,2000,0
60.31,4268.61,160.956,7.00686,2000,0
60.41,4252.48,161.655,6.97637,2000,0
60.51,4236.28,162.351,6.94574,2000,0
60.61,4220.01,163.044,6.91496,2000,0
60.71,4203.67,163.734,6.88403,2000,0
60.81,4187.26,164.421,6.85297,2000,0
60.91,4170.79,165.105,6.82176,2000,0
61.01,4154.24,165.786,6.79041,2000,0
61.11,4137.63,166.463,6.75892,2000,0
61.21,4120.95,167.137,6.72729,2000,0
61.31,4104.21,167.808,6.69552,2000,0
61.41,4087.39,168.476,6.66361,2000,0
61.51,4070.51,169.141,6.63157,2000,0
61.61,4053.56,169.803,6.59939,2000,0
61.71,4036.55,170.461,6.56708,2000,0
61.81,4019.47,171.116,6.53463,2000,0
61.91,4002.33,171.768,6.50205,2000,0
62.01,3985.12,172.417,6.46934,2000,0
62.11,3967.85,173.062,6.4365,2000,0
62.21,3950.51,173.704,6.40353,2000,0
62.31,3933.11,174.343,6.37043,2000,0
62.41,3915.64,174.978,6.3372,2000,0
62.51,3898.11,175.61,6.30384,2000,0
62.61,3880.52,176.239,6.27036,2000,0
62.71,3862.87,176.864,6.23676,2000,0
62.81,3845.15,177.486,6.20303,2000,0
62.91,3827.37,178.105,6.16917,2000,0
63.01,3809.53,178.72,6.1352,2000,0
63.11,3791.63,179.332,6.10111,2000,0
63.21,3773.67,179.94,6.06689,2000,0
63.31,3755.64,180.545,6.03256,2000,0
63.41,3737.56,181.147,5.99812,2000,0
63.51,3719.41,181.745,5.96355,2000,0
63.61,3701.21,182.339,5.92888,2000,0
63.71,3682.95,182.93,5.89409,2000,0
63.81,3664.62,183.518,5.85919,2000,0
63.91,3646.24,184.102,5.82417,2000,0
64.01,3627.81,184.683,5.78905,2000,0
64.11,3609.31,185.26,5.75382,2000,0
64.21,3590.75,185.834,5.71849,2000,0
64.31,3572.14,186.404,5.68305,2000,0
64.41,3553.47,186.97,5.6475,2000,0
64.51,3534.75,187.533,5.61185,2000,0
64.61,3515.97,188.093,5.5761,2000,0
64.71,3497.13,188.648,5.54025,2000,0
64.81,3478.24,189.201,5.50431,2000,0
64.91,3459.29,189.749,5.46826,2000,0
65.01,3440.29,190.294,5.43212,2000,0
65.11,3421.24,190.836,5.39589,2000,0
65.21,3402.13,191.374,5.35956,2000,0
65.31,3382.96,191.908,5.32314,2000,0
65.41,3363.75,192.438,5.28663,2000,0
65.51,3344.48,192.965,5.25003,2000,0
65.61,3325.15,193.488,5.21335,2000,0
65.71,3305.78,194.008,5.17658,2000,0
65.81,3286.35,194.523,5.13972,2000,0
65.91,3266.88,195.036,5.10279,2000,0
66.01,3247.35,195.544,5.06577,2000,0
66.11,3227.77,196.049,5.02867,2000,0
66.21,3208.14,196.55,4.9915,2000,0
66.31,3188.46,197.047,4.95425,2000,0
66.41,3168.73,197.541,4.91693,2000,0
66.51,3148.95,198.03,4.87953,2000,0
66.61,3129.12,198.516,4.84206,2000,0
66.71,3109.25,198.999,4.80452,2000,0
66.81,3089.33,199.477,4.76692,2000,0
66.91,3069.35,199.952,4.72925,2000,0
67.01,3049.34,200.423,4.69151,2000,0
67.11,3029.27,200.891,4.65371,2000,0
67.21,3009.16,201.354,4.61585,2000,0
67.31,2989,201.814,4.57793,2000,0
67.41,2968.8,202.27,4.53995,2000,0
67.51,2948.55,202.722,4.50192,2000,0
67.61,2928.25,203.17,4.46383,2000,0
67.71,2907.91,203.614,4.42569,2000,0
67.81,2887.53,204.055,4.3875,2000,0
67.91,2867.1,204.492,4.34926,2000,0
68.01,2846.63,204.925,4.31098,2000,0
68.11,2826.12,205.354,4.27264,2000,0
68.21,2805.56,205.779,4.23427,2000,0
68.31,2784.96,206.201,4.19585,2000,0
68.41,2764.32,206.619,4.15739,2000,0
68.51,2743.64,207.032,4.1189,2000,0
68.61,2722.92,207.442,4.08037,2000,0
68.71,2702.15,207.849,4.0418,2000,0
68.81,2681.35,208.251,4.0032,2000,0
68.91,2660.51,208.649,3.96458,2000,0
69.01,2639.62,209.044,3.92592,2000,0
69.11,2618.7,209.434,3.88724,2000,0
69.21,2597.73,209.821,3.84853,2000,0
69.31,2576.73,210.204,3.8098,2000,0
69.41,2555.69,210.583,3.77104,2000,0
69.51,2534.62,210.958,3.73227,2000,0
69.61,2513.5,211.33,3.69348,2000,0
69.71,2492.35,211.697,3.65468,2000,0
69.81,2471.16,212.06,3.61586,2000,0
69.91,2449.94,212.42,3.57703,2000,0
70.01,2428.68,212.776,3.5382,2000,0
70.11,2407.39,213.128,3.49935,2000,0
70.21,2386.06,213.476,3.4605,2000,0
70.31,2364.69,213.82,3.42165,2000,0
70.41,2343.29,214.16,3.38279,2000,0
70.51,2321.86,214.496,3.34394,2000,0
70.61,2300.39,214.829,3.30508,2000,0
70.71,2278.9,215.157,3.26624,2000,0
70.81,2257.36,215.482,3.22739,2000,0
70.91,2235.8,215.803,3.18856,2000,0
71.01,2214.2,216.12,3.14974,2000,0
71.11,2192.58,216.433,3.11093,2000,0
71.21,2170.92,216.742,3.07213,2000,0
71.31,2149.23,217.047,3.03335,2000,0
71.41,2127.51,217.349,2.99459,2000,0
71.51,2105.76,217.646,2.95585,2000,0
71.61,2083.98,217.94,2.91714,2000,0
71.71,2062.17,218.23,2.87844,2000,0
71.81,2040.34,218.516,2.83978,2000,0
71.91,2018.47,218.798,2.80114,2000,0
72.01,1996.58,219.076,2.76253,2000,0
72.11,1974.66,219.35,2.72396,2000,0
72.2,1954.9,219.594,2.68927,2000,0
72.3,1932.93,219.861,2.65077,2000,0
72.4,1910.93,220.124,2.6123,2000,0
72.5,1888.91,220.383,2.57387,2000,0
72.6,1866.86,220.639,2.53549,2000,0
72.7,1844.78,220.89,2.49715,2000,0
72.8,1822.68,221.138,2.45885,2000,0
72.9,1800.55,221.382,2.42061,2000,0
73,1778.4,221.622,2.38241,2000,0
73.1,1756.23,221.859,2.34427,2000,0
73.2,1734.03,222.091,2.30618,2000,0
73.3,1711.81,222.32,2.26815,2000,0
73.4,1689.57,222.545,2.23018,2000,0
73.5,1667.3,222.766,2.19227,2000,0
73.6,1645.01,222.983,2.15442,2000,0
73.7,1622.71,223.197,2.11663,2000,0
73.8,1600.38,223.406,2.07892,2000,0
73.9,1578.03,223.612,2.04127,2000,0
74,1555.65,223.815,2.00369,2000,0
74.1,1533.26,224.013,1.96618,2000,0
74.2,1510.85,224.208,1.92875,2000,0
74.3,1488.42,224.399,1.89139,2000,0
74.4,1465.97,224.586,1.85411,2000,0
74.5,1443.5,224.77,1.81692,2000,0
74.6,1421.02,224.95,1.7798,2000,0
74.7,1398.52,225.126,1.74277,2000,0
74.8,1375.99,225.298,1.70582,2000,0
74.9,1353.46,225.467,1.66897,2000,0
75,1330.9,225.632,1.6322,2000,0
75.1,1308.33,225.793,1.59552,2000,0
75.2,1285.74,225.951,1.55894,2000,0
75.3,1263.14,226.105,1.52245,2000,0
75.4,1240.52,226.256,1.48606,2000,0
75.5,1217.89,226.402,1.44976,2000,0
75.6,1195.24,226.546,1.41357,2000,0
75.7,1172.58,226.685,1.37748,2000,0
75.8,1149.91,226.821,1.3415,2000,0
75.9,1127.22,226.953,1.30562,2000,0
76,1104.52,227.082,1.26985,2000,0
76.1,1081.8,227.207,1.23419,2000,0
76.2,1059.07,227.329,1.19864,2000,0
76.3,1036.34,227.447,1.16321,2000,0
76.4,1013.58,227.562,1.12788,2000,0
76.5,990.823,227.673,1.09268,2000,0
76.6,968.051,227.78,1.05759,2000,0
76.7,945.267,227.884,1.02263,2000,0
76.8,922.474,227.985,0.987785,2000,0
76.9,899.671,228.082,0.953064,2000,0
77,876.858,228.175,0.918468,2000,0
77.1,854.036,228.265,0.883999,2000,0
77.2,831.205,228.352,0.849659,2000,0
77.3,808.366,228.435,0.815448,2000,0
77.4,785.518,228.515,0.781368,2000,0
77.5,762.663,228.592,0.747422,2000,0
77.6,739.8,228.665,0.71361,2000,0
77.7,716.93,228.734,0.679934,2000,0
77.8,694.054,228.801,0.646396,2000,0
77.9,671.17,228.864,0.612997,2000,0
78,648.281,228.923,0.579739,2000,0
78.1,625.386,228.98,0.546623,2000,0
78.2,602.485,229.033,0.51365,2000,0
78.3,579.58,229.082,0.480822,2000,0
78.4,556.669,229.129,0.448141,2000,0
78.5,533.754,229.172,0.415608,2000,0
78.6,510.835,229.212,0.383223,2000,0
78.7,487.912,229.249,0.350989,2000,0
78.8,464.985,229.282,0.318907,2000,0
78.9,442.056,229.312,0.286979,2000,0
79,419.123,229.34,0.255204,2000,0
79.1,396.188,229.363,0.223586,2000,0
79.2,373.25,229.384,0.192124,2000,0
79.3,350.311,229.402,0.160821,2000,0
79.4,327.37,229.416,0.129677,2000,0
79.5,304.428,229.428,0.0986941,2000,0
79.6,281.485,229.436,0.067873,2000,0
79.7,258.541,229.441,0.0372149,2000,0
79.8,235.597,229.444,0.00672103,2000,0
79.9,212.652,229.443,0.0236075,2000,0
80,189.708,229.439,0.0537696,2000,0
80.1,166.764,229.432,0.0837641,2000,0
80.2,143.822,229.422,0.11359,2000,0
80.3,120.88,229.409,0.143246,2000,0
80.4,97.9399,229.394,0.172732,2000,0
80.5,75.0015,229.375,0.202046,2000,0
80.6,52.065,229.353,0.231188,2000,0
80.7,29.1309,229.329,0.260155,2000,0
80.8,6.19938,229.301,0.288949,2000,0
80.9,-16.7293,229.271,0.317567,2000,0
81,-39.6547,229.238,0.346008,2000,0
81.1,-62.5767,229.202,0.374272,2000,0
81.2,-85.495,229.163,0.402359,2000,0
81.3,-108.409,229.121,0.430266,2000,0
81.4,-131.319,229.077,0.457994,2000,0
81.5,-154.225,229.03,0.485541,2000,0
81.6,-177.125,228.98,0.512907,2000,0
81.7,-200.021,228.927,0.540091,2000,0
81.8,-222.91,228.872,0.567092,2000,0
81.9,-245.795,228.814,0.59391,2000,0
82,-268.673,228.753,0.620544,2000,0
82.1,-291.545,228.689,0.646993,2000,0
82.2,-314.411,228.623,0.673256,2000,0
82.3,-337.27,228.555,0.699334,2000,0
82.4,-360.122,228.484,0.725225,2000,0
82.5,-382.967,228.41,0.750929,2000,0
82.6,-405.804,228.333,0.776445,2000,0
82.7,-428.634,228.254,0.801773,2000,0
82.8,-451.455,228.173,0.826913,2000,0
82.9,-474.268,228.089,0.851863,2000,0
83,-497.073,228.003,0.876624,2000,0
83.1,-519.869,227.914,0.901194,2000,0
83.2,-542.656,227.822,0.925574,2000,0
83.3,-565.433,227.729,0.949763,2000,0
83.4,-588.202,227.632,0.973761,2000,0
83.5,-610.96,227.534,0.997567,2000,0
83.6,-633.708,227.433,1.02118,2000,0
83.7,-656.447,227.33,1.0446,2000,0
83.8,-679.174,227.224,1.06783,2000,0
83.9,-701.892,227.116,1.09087,2000,0
84,-724.598,227.006,1.11371,2000,0
84.1,-747.293,226.893,1.13636,2000,0
84.2,-769.977,226.779,1.15882,2000,0
84.3,-792.649,226.662,1.18108,2000,0
84.4,-815.309,226.542,1.20315,2000,0
84.5,-837.957,226.421,1.22503,2000,0
84.6,-860.593,226.297,1.24671,2000,0
84.7,-883.217,226.172,1.2682,2000,0
84.8,-905.828,226.044,1.28949,2000,0
84.9,-928.426,225.914,1.31059,2000,0
85,-951.011,225.782,1.3315,2000,0
85.1,-973.582,225.647,1.35221,2000,0
85.2,-996.14,225.511,1.37272,2000,0
85.3,-1018.68,225.373,1.39304,2000,0
85.4,-1041.22,225.233,1.41317,2000,0
85.5,-1063.73,225.09,1.43311,2000,0
85.6,-1086.23,224.946,1.45285,2000,0
85.7,-1108.72,224.8,1.47239,2000,0
85.8,-1131.19,224.652,1.49174,2000,0
85.9,-1153.65,224.501,1.5109,2000,0
86,-1176.09,224.349,1.52987,2000,0
86.1,-1198.52,224.195,1.54864,2000,0
86.2,-1220.93,224.04,1.56721,2000,0
86.3,-1243.33,223.882,1.5856,2000,0
86.4,-1265.71,223.723,1.60379,2000,0
86.5,-1288.07,223.561,1.62179,2000,0
86.6,-1310.42,223.398,1.6396,2000,0
86.7,-1332.75,223.233,1.65721,2000,0
86.8,-1355.07,223.067,1.67464,2000,0
86.9,-1377.37,222.898,1.69187,2000,0
87,-1399.65,222.728,1.70891,2000,0
87.1,-1421.91,222.557,1.72577,2000,0
87.2,-1444.16,222.383,1.74243,2000,0
87.3,-1466.39,222.208,1.7589,2000,0
87.4,-1488.6,222.031,1.77518,2000,0
87.5,-1510.8,221.853,1.79127,2000,0
87.6,-1532.97,221.673,1.80718,2000,0
87.7,-1555.13,221.492,1.82289,2000,0
87.8,-1577.27,221.309,1.83842,2000,0
87.9,-1599.39,221.124,1.85376,2000,0
88,-1621.5,220.938,1.86892,2000,0
88.1,-1643.58,220.75,1.88389,2000,0
88.2,-1665.65,220.561,1.89867,2000,0
88.3,-1687.69,220.371,1.91327,2000,0
88.4,-1709.72,220.178,1.92769,2000,0
88.5,-1731.73,219.985,1.94192,2000,0
88.6,-1753.72,219.79,1.95596,2000,0
88.7,-1775.69,219.594,1.96983,2000,0
88.8,-1797.64,219.396,1.98351,2000,0
88.9,-1819.57,219.197,1.99701,2000,0
89,-1841.48,218.997,2.01033,2000,0
89.1,-1863.37,218.795,2.02347,2000,0
89.2,-1885.24,218.592,2.03643,2000,0
89.3,-1907.09,218.388,2.04921,2000,0
89.4,-1928.91,218.182,2.06182,2000,0
89.5,-1950.72,217.975,2.07424,2000,0
89.6,-1972.51,217.767,2.08649,2000,0
89.7,-1994.28,217.558,2.09857,2000,0
89.8,-2016.02,217.348,2.11047,2000,0
89.9,-2037.75,217.136,2.12219,2000,0
90,-2059.45,216.923,2.13374,2000,0
90.1,-2081.13,216.709,2.14512,2000,0
90.2,-2102.79,216.494,2.15633,2000,0
90.3,-2124.43,216.278,2.16736,2000,0
90.4,-2146.05,216.061,2.17822,2000,0
90.5,-2167.64,215.842,2.18892,2000,0
90.6,-2189.22,215.623,2.19944,2000,0
90.7,-2210.77,215.403,2.2098,2000,0
90.8,-2232.3,215.181,2.21999,2000,0
90.9,-2253.8,214.959,2.23002,2000,0
91,-2275.29,214.735,2.23988,2000,0
91.1,-2296.75,214.511,2.24957,2000,0
91.2,-2318.19,214.285,2.2591,2000,0
91.3,-2339.61,214.059,2.26847,2000,0
91.4,-2361,213.831,2.27767,2000,0
91.5,-2382.38,213.603,2.28672,2000,0
91.6,-2403.73,213.374,2.2956,2000,0
91.7,-2425.05,213.144,2.30433,2000,0
91.8,-2446.35,212.913,2.3129,2000,0
91.9,-2467.63,212.682,2.32131,2000,0
92,-2488.89,212.449,2.32956,2000,0
92.1,-2510.12,212.216,2.33766,2000,0
92.2,-2531.33,211.981,2.3456,2000,0
92.3,-2552.52,211.746,2.35339,2000,0
92.4,-2573.68,211.511,2.36103,2000,0
92.5,-2594.82,211.274,2.36852,2000,0
92.6,-2615.94,211.037,2.37585,2000,0
92.7,-2637.03,210.799,2.38304,2000,0
92.8,-2658.1,210.56,2.39008,2000,0
92.9,-2679.14,210.321,2.39697,2000,0
93,-2700.16,210.081,2.40371,2000,0
93.1,-2721.16,209.84,2.41031,2000,0
93.2,-2742.13,209.599,2.41676,2000,0
93.3,-2763.08,209.357,2.42307,2000,0
93.4,-2784,209.114,2.42923,2000,0
93.5,-2804.9,208.871,2.43526,2000,0
93.6,-2825.78,208.627,2.44114,2000,0
93.7,-2846.63,208.383,2.44689,2000,0
93.8,-2867.46,208.138,2.45249,2000,0
93.9,-2888.26,207.892,2.45796,2000,0
94,-2909.03,207.646,2.4633,2000,0
94.1,-2929.79,207.4,2.46849,2000,0
94.2,-2950.52,207.153,2.47355,2000,0
94.3,-2971.22,206.905,2.47848,2000,0
94.4,-2991.9,206.657,2.48328,2000,0
94.5,-3012.55,206.408,2.48795,2000,0
94.6,-3033.18,206.159,2.49248,2000,0
94.7,-3053.78,205.91,2.49689,2000,0
94.8,-3074.36,205.66,2.50116,2000,0
94.9,-3094.91,205.41,2.50531,2000,0
95,-3115.44,205.159,2.50934,2000,0
95.1,-3135.95,204.908,2.51324,2000,0
95.2,-3156.43,204.656,2.51701,2000,0
95.3,-3176.88,204.404,2.52067,2000,0
95.4,-3197.31,204.152,2.5242,2000,0
95.5,-3217.71,203.9,2.52761,2000,0
95.6,-3238.09,203.647,2.5309,2000,0
95.7,-3258.44,203.393,2.53407,2000,0
95.8,-3278.77,203.14,2.53712,2000,0
95.9,-3299.07,202.886,2.54006,2000,0
96,-3319.34,202.632,2.54288,2000,0
96.1,-3339.59,202.377,2.54559,2000,0
96.2,-3359.82,202.123,2.54818,2000,0
96.3,-3380.02,201.868,2.55066,2000,0
96.4,-3400.19,201.613,2.55303,2000,0
96.5,-3420.34,201.357,2.55529,2000,0
96.6,-3440.47,201.102,2.55744,2000,0
96.7,-3460.56,200.846,2.55948,2000,0
96.8,-3480.64,200.59,2.56142,2000,0
96.9,-3500.68,200.333,2.56325,2000,0
97,-3520.7,200.077,2.56497,2000,0
97.1,-3540.7,199.82,2.56659,2000,0
97.2,-3560.67,199.564,2.5681,2000,0
97.3,-3580.61,199.307,2.56952,2000,0
97.4,-3600.53,199.05,2.57083,2000,0
97.5,-3620.42,198.793,2.57204,2000,0
97.6,-3640.29,198.535,2.57316,2000,0
97.7,-3660.13,198.278,2.57417,2000,0
97.8,-3679.94,198.021,2.57509,2000,0
97.9,-3699.73,197.763,2.57592,2000,0
98,-3719.5,197.505,2.57665,2000,0
98.1,-3739.23,197.248,2.57728,2000,0
98.2,-3758.95,196.99,2.57782,2000,0
98.3,-3778.63,196.732,2.57827,2000,0
98.4,-3798.29,196.474,2.57863,2000,0
98.5,-3817.93,196.216,2.5789,2000,0
98.6,-3837.54,195.959,2.57908,2000,0
98.7,-3857.12,195.701,2.57917,2000,0
98.8,-3876.68,195.443,2.57918,2000,0
98.9,-3896.21,195.185,2.5791,2000,0
99,-3915.72,194.927,2.57893,2000,0
99.1,-3935.2,194.669,2.57868,2000,0
99.2,-3954.65,194.411,2.57835,2000,0
99.3,-3974.08,194.153,2.57794,2000,0
99.4,-3993.48,193.896,2.57744,2000,0
99.5,-4012.86,193.638,2.57686,2000,0
99.6,-4032.21,193.38,2.57621,2000,0
99.7,-4051.53,193.123,2.57548,2000,0
99.8,-4070.83,192.865,2.57467,2000,0
99.9,-4090.11,192.608,2.57378,2000,0
100,-4109.36,192.35,2.57282,2000,0
100.1,-4128.58,192.093,2.57178,2000,0
100.2,-4147.77,191.836,2.57067,2000,0
100.3,-4166.95,191.579,2.56949,2000,0
100.4,-4186.09,191.322,2.56823,2000,0
100.5,-4205.21,191.065,2.56691,2000,0
100.6,-4224.3,190.809,2.56551,2000,0
100.7,-4243.37,190.552,2.56405,2000,0
100.8,-4262.42,190.296,2.56252,2000,0
100.9,-4281.43,190.04,2.56092,2000,0
101,-4300.42,189.784,2.55925,2000,0
101.1,-4319.39,189.528,2.55752,2000,0
101.2,-4338.33,189.272,2.55572,2000,0
101.3,-4357.24,189.017,2.55386,2000,0
101.4,-4376.13,188.761,2.55194,2000,0
101.5,-4395,188.506,2.54996,2000,0
101.6,-4413.83,188.251,2.54791,2000,0
101.7,-4432.65,187.997,2.54581,2000,0
101.8,-4451.43,187.742,2.54364,2000,0
101.9,-4470.2,187.488,2.54142,2000,0
102,-4488.93,187.234,2.53914,2000,0
102.1,-4507.64,186.98,2.5368,2000,0
102.2,-4526.33,186.727,2.5344,2000,0
102.3,-4544.99,186.473,2.53195,2000,0
102.4,-4563.62,186.22,2.52945,2000,0
102.5,-4582.23,185.967,2.52689,2000,0
102.6,-4600.82,185.715,2.52428,2000,0
102.7,-4619.38,185.463,2.52162,2000,0
102.8,-4637.91,185.211,2.5189,2000,0
102.9,-4656.42,184.959,2.51614,2000,0
103,-4674.9,184.707,2.51332,2000,0
103.1,-4693.36,184.456,2.51046,2000,0
103.2,-4711.8,184.205,2.50755,2000,0
103.3,-4730.2,183.955,2.50459,2000,0
103.4,-4748.59,183.704,2.50158,2000,0
103.5,-4766.94,183.454,2.49853,2000,0
103.6,-4785.28,183.205,2.49543,2000,0
103.7,-4803.59,182.955,2.49229,2000,0
103.8,-4821.87,182.706,2.4891,2000,0
103.9,-4840.13,182.457,2.48587,2000,0
104,-4858.36,182.209,2.4826,2000,0
104.1,-4876.57,181.961,2.47929,2000,0
104.2,-4894.75,181.713,2.47594,2000,0
104.3,-4912.91,181.466,2.47254,2000,0
104.4,-4931.05,181.219,2.46911,2000,0
104.5,-4949.16,180.972,2.46564,2000,0
104.6,-4967.24,180.726,2.46213,2000,0
104.7,-4985.3,180.48,2.45858,2000,0
104.8,-5003.34,180.234,2.45499,2000,0
104.9,-5021.35,179.989,2.45137,2000,0
105,-5039.34,179.744,2.44772,2000,0
105.1,-5057.3,179.499,2.44403,2000,0
105.2,-5075.24,179.255,2.4403,2000,0
105.3,-5093.15,179.011,2.43654,2000,0
105.4,-5111.04,178.767,2.43275,2000,0
105.5,-5128.9,178.524,2.42893,2000,0
105.6,-5146.74,178.282,2.42507,2000,0
105.7,-5164.56,178.039,2.42118,2000,0
105.8,-5182.35,177.797,2.41727,2000,0
105.9,-5200.12,177.556,2.41332,2000,0
106,-5217.86,177.315,2.40934,2000,0
106.1,-5235.58,177.074,2.40534,2000,0
106.2,-5253.28,176.834,2.4013,2000,0
106.3,-5270.95,176.594,2.39724,2000,0
106.4,-5288.6,176.354,2.39316,2000,0
106.5,-5306.22,176.115,2.38904,2000,0
106.6,-5323.82,175.876,2.3849,2000,0
106.7,-5341.4,175.638,2.38074,2000,0
106.8,-5358.95,175.4,2.37655,2000,0
106.9,-5376.48,175.163,2.37234,2000,0
107,-5393.98,174.926,2.3681,2000,0
107.1,-5411.46,174.689,2.36384,2000,0
107.2,-5428.92,174.453,2.35956,2000,0
107.3,-5446.36,174.217,2.35525,2000,0
107.4,-5463.77,173.982,2.35093,2000,0
107.5,-5481.15,173.747,2.34658,2000,0
107.6,-5498.52,173.513,2.34222,2000,0
107.7,-5515.86,173.279,2.33783,2000,0
107.8,-5533.17,173.045,2.33342,2000,0
107.9,-5550.46,172.812,2.329,2000,0
108,-5567.73,172.579,2.32455,2000,0
108.1,-5584.98,172.347,2.32009,2000,0
108.2,-5602.2,172.115,2.31561,2000,0
108.3,-5619.4,171.884,2.31112,2000,0
108.4,-5636.58,171.653,2.30661,2000,0
108.5,-5653.74,171.423,2.30208,2000,0
108.6,-5670.87,171.193,2.29753,2000,0
108.7,-5687.97,170.963,2.29298,2000,0
108.8,-5705.06,170.734,2.2884,2000,0
108.9,-5722.12,170.505,2.28381,2000,0
109,-5739.16,170.277,2.27921,2000,0
109.1,-5756.18,170.05,2.2746,2000,0
109.2,-5773.17,169.822,2.26997,2000,0
109.3,-5790.14,169.596,2.26533,2000,0
109.4,-5807.09,169.369,2.26068,2000,0
109.5,-5824.02,169.143,2.25601,2000,0
109.6,-5840.92,168.918,2.25134,2000,0
109.7,-5857.8,168.693,2.24665,2000,0
109.8,-5874.66,168.469,2.24195,2000,0
109.9,-5891.49,168.245,2.23725,2000,0
110,-5908.31,168.021,2.23253,2000,0
110.1,-5925.1,167.798,2.2278,2000,0
110.2,-5941.87,167.576,2.22307,2000,0
110.3,-5958.61,167.354,2.21832,2000,0
110.4,-5975.34,167.132,2.21357,2000,0
110.5,-5992.04,166.911,2.20881,2000,0
110.6,-6008.72,166.69,2.20405,2000,0
110.7,-6025.38,166.47,2.19927,2000,0
110.8,-6042.02,166.251,2.19449,2000,0
110.9,-6058.63,166.031,2.1897,2000,0
111,-6075.22,165.813,2.18491,2000,0
111.1,-6091.79,165.594,2.18011,2000,0
111.2,-6108.34,165.377,2.1753,2000,0
111.3,-6124.87,165.159,2.17049,2000,0
111.4,-6141.37,164.942,2.16568,2000,0
111.5,-6157.86,164.726,2.16086,2000,0
111.6,-6174.32,164.51,2.15604,2000,0
111.7,-6190.76,164.295,2.15121,2000,0
111.8,-6207.18,164.08,2.14638,2000,0
111.9,-6223.58,163.866,2.14155,2000,0
112,-6239.95,163.652,2.13671,2000,0
112.1,-6256.31,163.438,2.13187,2000,0
112.2,-6272.64,163.225,2.12703,2000,0
112.3,-6288.95,163.013,2.12219,2000,0
112.4,-6305.24,162.801,2.11734,2000,0
112.5,-6321.51,162.589,2.11249,2000,0
112.6,-6337.76,162.378,2.10764,2000,0
112.7,-6353.99,162.168,2.1028,2000,0
112.8,-6370.2,161.958,2.09795,2000,0
112.9,-6386.38,161.748,2.0931,2000,0
113,-6402.55,161.539,2.08825,2000,0
113.1,-6418.69,161.331,2.08339,2000,0
113.2,-6434.81,161.123,2.07854,2000,0
113.3,-6450.91,160.915,2.0737,2000,0
113.4,-6467,160.708,2.06885,2000,0
113.5,-6483.06,160.501,2.064,2000,0
113.6,-6499.1,160.295,2.05915,2000,0
113.7,-6515.12,160.089,2.05431,2000,0
113.8,-6531.11,159.884,2.04947,2000,0
113.9,-6547.09,159.679,2.04463,2000,0
114,-6563.05,159.475,2.03979,2000,0
114.1,-6578.99,159.271,2.03495,2000,0
114.2,-6594.91,159.068,2.03012,2000,0
114.3,-6610.8,158.865,2.02529,2000,0
114.4,-6626.68,158.663,2.02046,2000,0
114.5,-6642.54,158.461,2.01564,2000,0
114.6,-6658.37,158.26,2.01081,2000,0
114.7,-6674.19,158.059,2.006,2000,0
114.8,-6689.98,157.859,2.00118,2000,0
114.9,-6705.76,157.659,1.99638,2000,0
115,-6721.52,157.46,1.99157,2000,0
115.1,-6737.25,157.261,1.98677,2000,0
115.2,-6752.97,157.062,1.98197,2000,0
115.3,-6768.66,156.864,1.97718,2000,0
115.4,-6784.34,156.667,1.9724,2000,0
115.5,-6800,156.47,1.96762,2000,0
115.6,-6815.64,156.273,1.96284,2000,0
115.7,-6831.25,156.077,1.95807,2000,0
115.8,-6846.85,155.882,1.95331,2000,0
115.9,-6862.43,155.687,1.94855,2000,0
116,-6877.99,155.492,1.9438,2000,0
116.1,-6893.53,155.298,1.93905,2000,0
116.2,-6909.05,155.104,1.93431,2000,0
116.3,-6924.55,154.911,1.92958,2000,0
116.4,-6940.03,154.718,1.92485,2000,0
116.5,-6955.49,154.526,1.92013,2000,0
116.6,-6970.94,154.334,1.91542,2000,0
116.7,-6986.36,154.143,1.91071,2000,0
116.8,-7001.77,153.952,1.90601,2000,0
116.9,-7017.15,153.762,1.90132,2000,0
117,-7032.52,153.572,1.89663,2000,0
117.1,-7047.87,153.382,1.89196,2000,0
117.2,-7063.2,153.193,1.88729,2000,0
117.3,-7078.51,153.005,1.88263,2000,0
117.4,-7093.8,152.817,1.87797,2000,0
117.5,-7109.07,152.629,1.87333,2000,0
117.6,-7124.32,152.442,1.86869,2000,0
117.7,-7139.56,152.256,1.86406,2000,0
117.8,-7154.77,152.069,1.85944,2000,0
117.9,-7169.97,151.884,1.85483,2000,0
118,-7185.15,151.698,1.85022,2000,0
118.1,-7200.31,151.514,1.84563,2000,0
118.2,-7215.45,151.329,1.84104,2000,0
118.3,-7230.58,151.145,1.83647,2000,0
118.4,-7245.68,150.962,1.8319,2000,0
118.5,-7260.77,150.779,1.82734,2000,0
118.6,-7275.84,150.597,1.82279,2000,0
118.7,-7290.89,150.414,1.81825,2000,0
118.8,-7305.92,150.233,1.81372,2000,0
118.9,-7320.94,150.052,1.80919,2000,0
119,-7335.93,149.871,1.80468,2000,0
119.1,-7350.91,149.691,1.80018,2000,0
119.2,-7365.87,149.511,1.79569,2000,0
119.3,-7380.81,149.332,1.7912,2000,0
119.4,-7395.74,149.153,1.78673,2000,0
119.5,-7410.65,148.974,1.78227,2000,0
119.6,-7425.53,148.796,1.77781,2000,0
119.7,-7440.41,148.619,1.77337,2000,0
119.8,-7455.26,148.442,1.76894,2000,0
119.9,-7470.09,148.265,1.76452,2000,0
